<?xml version="1.0" encoding="UTF-8"?>

<mule xmlns:http="http://www.mulesoft.org/schema/mule/http" xmlns="http://www.mulesoft.org/schema/mule/core"
	xmlns:doc="http://www.mulesoft.org/schema/mule/documentation"
	xmlns:xsi="http://www.w3.org/2001/XMLSchema-instance" xsi:schemaLocation="http://www.mulesoft.org/schema/mule/core http://www.mulesoft.org/schema/mule/core/current/mule.xsd
http://www.mulesoft.org/schema/mule/http http://www.mulesoft.org/schema/mule/http/current/mule-http.xsd">
	<http:listener-config name="HTTP_Listener_config" doc:name="HTTP Listener config" doc:id="3b755e31-1a86-459f-ad7b-91c0989fb256" >
		<http:listener-connection host="0.0.0.0" port="8081" />
	</http:listener-config>
	<http:request-config name="HTTP_Request_configuration" doc:name="HTTP Request configuration" doc:id="243ed537-81cf-4a04-9e35-2b98d0dc8959" >
		<http:request-connection host="localhost" port="8081" />
	</http:request-config>
	<http:request-config name="HTTP_Request_configuration1" doc:name="HTTP Request configuration" doc:id="36d878e2-e346-4329-a175-c6dadb5628f2" >
		<http:request-connection host="localhost" port="8081" />
	</http:request-config>
	<flow name="helloFlow" doc:id="8dc7f9e3-7ac0-4972-88ec-93692cd89126" >
		<http:listener doc:name="GET /hello" doc:id="c787c0fa-bbef-4b98-83f3-1caf303c0350" config-ref="HTTP_Listener_config" path="/Hello" allowedMethods="GET">
			<http:response reasonPhrase="Success" >
				<http:headers ><![CDATA[#[output application/java
---
{
	"name" : vars.firstName
}]]]></http:headers>
			</http:response>
		</http:listener>
		<set-variable value="#[message.attributes.queryParams.fname]" doc:name="firstName" doc:id="2284c68f-dedb-4a97-8a6a-4c5e86271fdf" variableName="firstName"/>
		<set-payload value="Hello" doc:name="Hello" doc:id="5874357e-a795-4ee9-97dd-a68a2f702918" />
		<http:request method="GET" doc:name="GET /goodbye" doc:id="a9adf2a2-2b35-40b1-85ba-2e76f31ea983" config-ref="HTTP_Request_configuration1" path="/goodbye" responseTimeout="30000">
			<http:query-params ><![CDATA[#[output application/java
---
{
	"fullName" : attributes.queryParams.fname
}]]]></http:query-params>
		</http:request>
		<logger level="INFO" doc:name="Payload" doc:id="1ce259a1-ee44-4306-9d12-5c2c11f5ca9d" message="#['\nMessage: ' ++ payload]"/>
	</flow>
	<flow name="goodbyeFlow" doc:id="7e74a05d-3b09-4a39-9d3b-f8c5958d9ed4" >
		<http:listener doc:name="GET /goodbye" doc:id="d9f6cf7e-d276-4411-9c49-27af9ca98ab3" config-ref="HTTP_Listener_config" path="/goodbye" allowedMethods="GET"/>
		<set-payload value="#[upper('Goodbye') ++ ' ' ++ attributes.queryParams.fullName default 'Maxine']" doc:name="Goodbye" doc:id="ffbe846d-61b7-4589-9786-a5595f875f26" />
		<logger level="INFO" doc:name="fullName" doc:id="75d1d1c0-155e-4983-a873-2bf54e5dae19" message="#[attributes.queryParams.fullName]]"/>
	</flow>
</mule>
