{"main":"support-flights-api.raml","name":"Support Flights API","organizationId":"554ebd5b-8e82-4219-b527-158617ddb741","groupId":"554ebd5b-8e82-4219-b527-158617ddb741","assetId":"support-flights-api","version":"1.0.3","metadata":{"branchId":"master","commitId":"96e52255e6fb34d9148cfebb12b4ef0305a2ec81","projectId":"50da34d0-ddf6-4806-ad69-a2ffd796c7e7"},"apiVersion":"v1","classifier":"raml","dependencies":[{"assetId":"training-american-flight-data-type","groupId":"68ef9520-24e9-4cf2-b2f5-620025690913","version":"1.0.1"},{"assetId":"training-american-flights-example","groupId":"68ef9520-24e9-4cf2-b2f5-620025690913","version":"1.0.1"}],"tags":[],"originalFormatVersion":"1.0"}